"Player","Team*","Games","W","L","Win %","Lvl","K","D","A","Gold","LH","Denies","GPM","XPM"
"Simbaaa","OG","26","18","8","0.692","13.8","2.3","3.6","9.2","1609","55.9","4.1","264","288"
"N0tail","OG","26","18","8","0.692","18.7","7.2","3.2","8.9","2410","241.7","13.3","521","515"
"MoonMeander","OG","26","18","8","0.692","16.2","4.5","4.4","11.1","1969","118.0","2.4","366","393"
"Miracle 2","OG","26","18","8","0.692","19.4","7.5","3.9","8.7","2117","287.0","11.7","603","552"
"Cr1t","OG","26","18","8","0.692","14.8","3.0","4.1","11.2","1632","60.1","2.8","283","327"
"PieLieDie","Secret","17","11","6","0.647","14.5","2.4","5.6","9.8","1595","56.7","3.2","284","279"
"w33","Secret","17","11","6","0.647","19.6","8.6","4.6","8.8","2244","235.8","13.5","509","509"
"Eternal Envy","Secret","17","11","6","0.647","20.3","7.9","3.2","9.1","3259","349.1","10.2","569","536"
"MiSeRY","Secret","17","11","6","0.647","16.4","2.7","5.7","11.2","1968","107.4","5.3","329","357"
"Puppey","Secret","17","11","6","0.647","14.6","2.5","4.8","8.6","1567","83.0","6.4","292","294"
"LaNm","EHOME","17","10","7","0.588","13.7","2.8","3.4","8.3","1469","49.8","3.4","271","297"
"Sumail","EG","17","10","7","0.588","20.1","8.3","4.6","10.7","2582","292.7","11.5","524","525"
"Cty","EHOME","17","10","7","0.588","19.9","7.8","3.1","8.1","2190","290.1","16.5","573","584"
"ppd","EG","17","10","7","0.588","14.1","1.5","4.6","10.2","1478","48.1","1.3","251","267"
"kaka","EHOME","17","10","7","0.588","13.9","2.8","4.1","9.4","1437","62.4","1.6","309","301"
"Arteezy","EG","17","10","7","0.588","21.6","7.5","4.4","9.9","1252","346.3","10.8","599","587"
"old chicken","EHOME","17","10","7","0.588","17.5","6.6","4.8","9.2","2003","208.1","10.8","483","471"
"Fear","EG","17","10","7","0.588","15.8","3.9","3.6","10.9","1600","58.0","3.2","284","332"
"eLeVeN","EHOME","17","10","7","0.588","14.5","2.9","6.2","11.6","1498","92.9","5.8","323","334"
"Universe","EG","17","10","7","0.588","17.4","4.9","3.8","10.1","1910","149.6","4.3","376","405"
"Lil","VP 2","15","9","6","0.600","14.4","5.3","4.7","10.7","1680","57.8","2.0","295","311"
"dkphobos","VP 2","15","9","6","0.600","15.2","4.3","5.0","10.3","1370","118.7","4.3","336","347"
"G","VP 2","15","9","6","0.600","18.9","8.2","3.7","8.3","2763","253.9","12.5","521","517"
"Illidan","VP 2","15","9","6","0.600","16.7","5.0","5.3","10.5","2100","173.1","14.7","429","414"
"Fng","VP 2","15","9","6","0.600","13.5","2.5","6.3","11.6","940","39.6","2.2","249","266"
"BurNIng","VG","13","7","6","0.538","17.6","6.2","3.9","8.5","2441","218.7","12.7","459","455"
"Maybe","LGD.cn","14","7","7","0.500","20.5","7.2","3.8","7.7","2942","302.9","11.3","552","571"
"iceiceice","VG","13","7","6","0.538","16.7","4.1","5.2","10.8","1763","145.1","6.2","370","402"
"rOtK","LGD.cn","14","7","7","0.500","15.9","2.1","5.0","10.3","1519","131.4","3.5","328","344"
"Fenrir","VG","13","7","6","0.538","13.0","2.3","4.1","9.2","1367","40.0","2.4","242","253"
"Super","VG","13","7","6","0.538","18.9","7.6","4.8","9.4","3007","270.0","6.6","581","516"
"MMY","LGD.cn","14","7","7","0.500","13.3","3.6","4.7","8.9","1391","41.9","1.6","254","254"
"Sylar","LGD.cn","14","7","7","0.500","19.6","6.8","3.9","7.1","2902","293.4","21.1","523","516"
"fy","VG","13","7","6","0.538","14.2","2.3","5.2","10.3","1965","68.9","3.2","272","296"
"DDC","LGD.cn","14","7","7","0.500","14.1","1.4","4.4","8.5","1316","64.1","4.3","261","278"
"Agressif","CDEC","11","6","5","0.545","19.7","7.5","3.4","11.5","1882","271.4","21.9","532","545"
"9pashaebashu","Vega","14","6","8","0.429","18.9","6.2","3.6","9.2","2581","260.4","13.4","486","485"
"ShiKi","CDEC","11","6","5","0.545","17.9","7.3","4.3","9.5","2996","192.7","15.1","462","463"
"Mag","Vega","14","6","8","0.429","17.1","4.1","3.8","9.9","1549","178.4","3.6","375","409"
"Garder","CDEC","11","6","5","0.545","14.3","2.5","4.4","12.2","1629","39.4","0.8","280","295"
"Noone","Vega","14","6","8","0.429","19.9","7.4","4.1","9.0","2628","295.8","16.8","541","536"
"xZ","CDEC","11","6","5","0.545","16.5","3.2","3.7","12.8","2155","140.7","2.3","355","390"
"Solo","Vega","14","6","8","0.429","15.1","3.5","6.1","11.1","1404","68.0","3.1","284","324"
"Q","CDEC","11","6","5","0.545","13.8","4.5","3.4","10.2","1555","55.0","2.9","283","280"
"Cema","Vega","14","6","8","0.429","13.5","2.3","5.0","10.4","948","50.3","1.2","249","258"
"Julz","Mineski","11","5","6","0.455","12.9","1.8","4.4","7.1","903","49.6","2.7","258","274"
"Kuku","Mineski","11","5","6","0.455","17.5","7.1","4.5","5.5","1602","229.1","11.1","504","481"
"JessieVash","Mineski","11","5","6","0.455","11.6","2.3","4.0","8.5","1114","32.6","0.9","235","225"
"ryOyr","Mineski","11","5","6","0.455","15.3","2.4","4.2","8.5","2045","139.0","5.3","347","373"
"Jay","Mineski","11","5","6","0.455","17.4","5.6","5.0","6.2","1512","220.6","9.0","473","477"
"1437","C9","9","3","6","0.333","13.8","0.9","4.2","5.1","1157","59.2","2.3","231","257"
"SVG","C9","9","3","6","0.333","13.4","2.1","5.6","6.1","1398","59.6","2.6","245","249"
"Brax","C9","9","3","6","0.333","18.7","4.3","4.3","6.1","1564","243.4","14.9","422","460"
"Ritsu","C9","9","3","6","0.333","21.1","5.8","3.2","3.8","1877","376.6","9.1","578","577"
"MSS","C9","9","3","6","0.333","14.3","1.9","5.4","6.9","1651","111.6","4.9","301","289"
"CapXiao2Lei","Nb","7","2","5","0.286","15.1","3.7","4.9","10.6","1605","138.0","1.1","327","349"
"le","Newbee.Y","7","2","5","0.286","13.7","2.7","5.0","8.0","968","57.3","2.3","257","278"
"Hao","Nb","7","2","5","0.286","17.9","7.3","5.1","7.1","1641","366.9","16.4","551","484"
"Sgua_Li","Newbee.Y","7","2","5","0.286","14.4","3.4","4.6","9.3","760","106.4","3.0","318","304"
"Mu","Nb","7","2","5","0.286","17.0","5.7","5.7","7.6","1853","238.1","13.7","449","441"
"Newbee.Y.JiaJia","Newbee.Y","7","2","5","0.286","18.6","3.3","4.6","6.1","2153","304.1","12.6","517","491"
"Mrrr","Newbee.Y","7","2","5","0.286","13.3","1.4","4.6","8.3","1070","49.1","1.3","236","261"
"Sccc","Newbee.Y","7","2","5","0.286","19.6","7.9","3.3","7.4","2274","246.3","19.7","508","545"
"Banana","Nb","7","2","5","0.286","12.1","2.4","4.6","11.3","813","27.7","0.6","231","227"
"CHisburg","Nb","7","2","5","0.286","12.9","2.6","4.4","10.3","1456","48.0","2.0","267","256"
"Mushi","Fnatic.MY","6","1","5","0.167","14.0","2.2","5.5","5.0","1203","109.8","4.0","300","302"
"uG.Greedy 2","Team Unknown","7","1","6","0.143","14.1","1.7","4.7","6.1","546","133.3","4.7","325","334"
"Loda","Alliance","7","1","6","0.143","16.9","3.3","5.9","6.7","1568","223.3","14.7","400","411"
"Dark Konoha","Team Unknown","7","1","6","0.143","15.9","3.3","4.0","5.1","944","229.4","14.7","486","428"
"Akke","Alliance","7","1","6","0.143","11.6","1.9","5.9","5.3","552","28.3","3.1","195","204"
"ZTOKCOPPER","Team Unknown","7","1","6","0.143","12.1","2.4","5.3","5.6","368","46.9","2.1","231","243"
"Ohaiyo","Fnatic.MY","6","1","5","0.167","15.5","2.3","7.2","5.7","1091","115.5","3.8","301","343"
"s4","Alliance","7","1","6","0.143","17.0","4.1","5.4","5.7","951","181.1","12.3","382","417"
"Net","Fnatic.MY","6","1","5","0.167","12.2","0.7","5.7","4.8","813","71.8","2.2","232","226"
"Black","Fnatic.MY","6","1","5","0.167","17.5","3.0","3.7","3.0","2391","288.5","12.8","474","439"
"Accel","Team Unknown","7","1","6","0.143","11.9","1.6","4.9","4.4","332","49.3","3.4","219","235"
"AdmiralBulldog","Alliance","7","1","6","0.143","15.9","3.0","4.6","6.7","1608","178.0","6.6","367","374"
"Chrissy","Fnatic.MY","6","1","5","0.167","15.5","2.8","6.0","3.2","1589","152.0","8.2","336","358"
"Kotaru","Team Unknown","7","1","6","0.143","16.1","5.3","6.0","3.6","721","181.0","15.1","433","431"
"Mynuts","Alliance","7","1","6","0.143","13.7","2.7","6.4","6.7","952","78.4","2.0","261","284"